Days,Alabama,Alaska,Arizona,Arkansas,Belgium,California,Colorado,Connecticut,DC,Delaware,Florida,France,Georgia,Hawaii,Idaho,Illinois,Indiana,Iowa,Kansas,Kentucky,Louisiana,Maine,Maryland,Massachusetts,Michigan,Minnesota,Mississippi,Missouri,Montana,Nebraska,Nevada,New Hampshire,New Jersey,New Mexico,New York,North Carolina,North Dakota,Ohio,Oklahoma,Oregon,Pennsylvania,Rhode Island,South Carolina,South Dakota,Sweden,Tennessee,Texas,Utah,Vermont,Virginia,Washington,West Virginia,Wisconsin,Wyoming,Albania,Austria,Belarus,Denmark,Germany,Italy,Finland,Greece,Ireland,Kosovo,Netherlands,Poland,Portugal,Romania,Russia,Serbia,Spain,Switzerland,Ukraine,United Kingdom,Canada,China,India,Japan,South Africa,Brazil,Mexico,Australia,Synthetic 1,Synthetic 2,Synthetic 3,Synthetic 4,Synthetic 5,Synthetic 6,Synthetic 7,Synthetic 8,Synthetic 9,Synthetic 10,Synthetic 11,Synthetic 12,Chile
1,6,2,1,1,16,15,2,1,3,1,2,2,1,2,1,1,1,3,4,3,1,1,2,1,2,1,5,1,4,2,3,1,1,4,2,5,4,3,1,4,2,15,2,5,1,2,1,1,3,1,2,1,1,1,2,2,6,1,2,14,5,3,1,2,1,4,2,1,15,4,1,7,1,3,1,4,2,4,4,1,4,2,441,439,478,473,0.1,5,48,482,1,17,107,,1
2,6,3,2,5,17,0,6,1,0,3,0,3,4,3,4,4,2,5,1,1,5,1,1,5,0,2,0,2,2,0,4,1,1,2,9,0,2,0,1,7,2,0,0,3,5,1,4,2,3,1,3,1,1,1,4,0,9,1,4,62,7,22,4,3,1,1,2,2,5,13,6,4,2,2,2,17,1,1,0,5,5,1,436,435,437,448,0.2,4,56,430,1,10,70,,2
3,11,3,0,1,36,1,0,0,6,0,1,21,4,3,0,8,2,5,2,2,7,1,3,5,10,4,4,1,0,1,8,0,2,4,11,1,12,1,4,0,2,0,4,0,5,3,3,0,4,3,7,3,3,0,4,3,0,1,26,53,0,13,7,8,5,5,1,1,15,6,8,6,0,5,2,136,22,8,6,5,10,3,416,460,447,435,0.4,3,42,442,1,6,85,,1
4,6,3,1,2,55,1,0,1,0,0,0,19,6,4,0,6,5,1,1,0,1,9,4,15,13,5,2,0,2,6,2,6,0,3,22,8,8,1,2,1,4,1,1,1,1,1,0,14,2,3,6,3,2,7,1,2,10,1,10,97,11,21,5,3,6,6,4,6,14,17,18,6,2,13,4,19,1,14,4,0,15,4,436,493,428,453,0.5,6,40,422,0,9,62,,1
5,10,2,0,7,81,5,4,3,0,3,1,43,5,2,4,7,1,2,2,4,22,5,0,13,8,7,9,4,0,1,5,4,2,4,45,2,1,8,8,6,2,2,2,0,1,10,4,8,5,2,9,4,11,5,12,3,11,3,54,93,10,7,1,3,5,5,4,2,4,5,19,6,9,4,4,151,2,7,7,12,12,8,413,499,442,453,0.7,7,55,435,1,4,64,,5
6,12,7,3,6,111,5,5,5,6,1,3,30,9,10,2,14,0,1,6,0,41,15,5,51,20,14,13,7,4,3,19,9,5,4,17,7,2,13,11,10,4,10,1,0,1,8,1,11,3,7,15,4,8,2,10,4,0,2,18,78,0,11,2,1,10,9,8,2,30,9,28,7,5,11,3,140,3,0,0,0,29,11,525,514,539,508,0.5,7,48,543,1,6,67,,3
7,27,1,0,0,27,7,17,9,1,8,5,48,0,11,12,20,3,1,5,7,26,11,9,3,1,19,16,5,7,2,10,13,4,2,36,7,2,11,15,0,6,11,2,1,9,6,7,11,7,13,28,0,6,1,5,4,19,10,28,250,19,6,14,1,10,18,9,8,21,2,54,20,7,34,3,97,10,7,27,9,11,7,543,594,553,558,0.4,6,60,592,1,4,58,,4
8,28,14,0,11,64,10,15,6,5,10,1,34,10,11,8,28,4,4,13,3,34,9,5,13,11,6,30,14,0,2,27,5,8,5,31,2,5,13,5,6,19,0,1,1,11,7,2,14,20,12,11,23,14,4,4,6,0,3,39,238,96,9,8,3,44,19,9,20,33,15,56,30,0,30,3,259,6,18,11,18,25,4,580,650,604,594,0.6,6,50,656,1,15,52,,6
9,25,6,3,29,94,12,29,15,9,4,1,73,24,8,11,10,5,0,14,1,59,5,7,15,15,17,60,38,10,2,17,11,6,7,44,8,8,17,4,3,6,22,6,0,26,13,8,15,3,3,24,12,25,2,9,5,5,8,66,240,28,34,27,7,46,36,2,19,52,22,75,122,15,48,12,441,23,9,23,25,46,11,598,742,725,643,0.3,7,69,683,1,8,45,,10
10,26,17,1,38,99,14,25,27,5,9,9,138,32,21,5,55,6,7,8,4,84,13,18,15,254,12,67,20,5,3,66,10,21,8,109,24,13,23,14,7,21,17,9,3,76,21,17,32,23,6,31,25,34,2,4,12,0,7,138,561,27,57,21,2,60,21,18,25,54,32,81,55,6,43,6,665,2,12,31,21,39,6,701,809,743,730,0.53,9,59,765,0,5,54,,10
11,39,10,5,18,174,19,33,28,3,6,3,190,21,13,3,127,9,9,9,9,112,19,28,26,214,26,42,37,11,7,0,13,25,14,95,38,10,30,14,20,13,23,5,0,24,25,11,26,20,16,38,20,49,2,4,33,5,75,284,347,57,38,38,28,77,52,19,24,53,9,183,68,26,67,6,787,8,27,34,23,48,20,818,866,807,813,0.65,7,97,832,1,3,55,,18
12,46,16,2,47,250,12,25,63,32,11,20,103,24,5,23,134,17,6,16,12,145,18,23,33,239,23,71,53,6,4,25,23,23,8,189,40,25,49,25,8,20,18,14,0,42,57,11,44,28,11,100,17,61,9,11,25,0,151,163,466,5,103,40,2,56,61,34,26,132,14,233,42,11,48,5,1753,7,12,55,79,65,12,881,993,918,916,0.45,9,102,926,2,10,43,,14
13,144,17,8,36,338,60,22,35,6,31,24,410,51,11,50,163,25,1,20,16,226,11,42,21,246,33,56,72,14,6,75,7,78,18,122,40,4,78,58,13,38,8,13,7,45,82,7,75,35,16,59,11,65,12,0,3,8,252,55,587,47,21,54,8,61,49,57,45,0,39,330,116,29,52,15,1466,3,0,35,34,51,14,994,1069,995,1058,,15,123,991,0,8,57,,81
14,152,12,19,30,179,7,33,29,21,17,0,286,89,14,66,168,47,23,32,21,74,24,45,38,291,64,110,129,25,8,50,29,92,17,218,85,12,104,84,27,48,33,21,7,78,75,19,42,26,21,81,21,101,7,6,29,0,160,237,769,50,35,69,15,121,68,76,33,57,34,433,152,43,83,16,1740,32,20,34,57,38,30,1083,1250,1149,1107,,9,115,1204,1,9,53,,45
15,101,6,23,76,214,23,62,104,18,15,39,372,200,31,43,296,76,22,39,19,335,13,50,72,467,29,93,124,31,1,90,21,159,13,425,33,17,93,74,23,82,38,45,2,136,112,60,47,27,37,92,17,36,18,13,51,0,128,157,778,31,31,74,6,111,70,86,43,163,27,772,212,62,134,10,1980,12,22,128,137,70,41,1199,1299,1352,1220,,17,117,1251,0,3,55,,37
16,81,13,34,43,387,50,86,88,21,24,32,497,70,24,30,238,60,15,40,21,216,13,45,85,502,25,90,162,26,11,130,29,308,23,1012,95,21,120,55,24,119,36,46,11,158,98,82,56,24,67,98,29,63,11,11,64,11,23,271,1247,50,46,191,3,190,111,117,17,182,54,975,267,93,117,35,2095,28,24,155,193,110,52,1294,1357,1394,1380,,18,147,1419,3,2,50,,104
17,110,10,49,35,422,68,111,203,46,22,69,595,68,29,48,250,107,19,59,33,407,43,59,112,584,57,90,167,14,4,86,27,161,55,1774,165,12,143,52,30,116,55,22,5,155,156,138,78,21,35,66,26,142,3,23,115,47,48,802,1492,71,31,126,3,155,98,194,31,196,81,1153,238,107,433,38,2590,26,20,152,283,132,49,1476,1533,1545,1512,,17,163,1462,1,6,42,,92
18,117,3,81,24,534,61,116,257,48,49,116,785,180,20,105,339,113,23,61,41,510,42,74,121,778,52,89,65,16,7,117,44,440,19,2952,77,14,160,52,18,140,114,105,12,149,128,161,128,37,37,119,25,131,8,23,143,0,57,693,1797,105,35,102,12,176,115,143,59,228,73,1531,841,62,251,68,2812,40,9,218,224,131,77,1629,1718,1689,1791,,14,186,1652,1,4,54,,103
19,52,10,92,40,713,97,130,137,36,18,108,838,295,34,111,664,177,32,41,50,441,22,158,131,979,44,89,147,21,7,182,56,578,27,3258,145,13,277,85,57,207,80,43,10,108,175,92,111,28,99,114,40,176,25,28,151,102,92,733,977,74,94,121,7,278,152,235,66,270,202,1683,0,69,152,60,3237,89,15,243,418,145,79,1781,1811,1901,1751,,15,194,1766,1,1,45,,95
20,109,13,76,59,663,110,191,279,37,32,130,924,290,25,143,491,331,57,61,54,569,28,209,382,852,62,136,301,21,11,124,53,930,45,4817,188,21,262,153,50,300,78,83,22,89,199,89,87,17,213,118,43,112,17,12,205,97,91,1043,2313,92,71,219,13,292,150,260,143,302,82,2144,450,245,407,120,3872,119,0,17,345,101,111,1926,2052,2109,1962,,26,237,1954,2,5,51,,114
21,162,14,106,56,470,144,174,233,38,55,200,1210,256,34,222,518,247,62,54,92,224,41,276,679,1022,72,104,230,22,20,69,48,831,33,5711,194,18,259,160,99,539,91,31,10,46,183,129,81,51,2,202,22,78,16,11,156,43,36,1174,2651,88,48,204,8,346,170,320,186,501,0,1706,360,10,680,145,3727,53,14,93,310,121,144,1991,2076,2164,2185,,19,242,2113,0,5,49,,176
22,265,6,157,60,486,161,346,469,59,49,236,1097,557,32,121,1068,283,38,65,45,485,32,178,579,1121,53,181,254,21,16,166,64,727,48,4805,137,12,268,110,65,527,54,86,7,134,206,275,125,72,134,176,66,149,13,15,316,170,104,1144,2547,78,78,235,9,409,168,460,144,440,159,2503,878,183,647,121,3160,70,49,46,232,163,165,2223,2314,2417,2394,,27,247,2241,1,3,60,,220
23,97,22,108,59,1329,174,303,578,94,25,222,1404,249,20,64,455,275,88,71,41,1213,56,171,823,1663,60,97,279,19,47,179,61,2474,40,7413,224,14,266,170,69,598,95,119,22,122,152,410,65,51,150,251,70,82,22,11,314,136,71,1042,3497,67,71,255,8,534,249,302,123,771,160,3694,952,109,706,156,3418,87,32,27,482,132,224,2419,2499,2501,2497,,22,276,2367,0,5,38,,164
24,208,13,157,55,1195,216,326,557,91,57,245,1861,236,16,24,922,380,74,77,110,1187,24,247,1017,1499,53,183,178,17,14,91,81,1949,92,5941,64,18,349,92,58,626,116,114,36,200,328,429,171,31,131,189,41,201,11,20,550,161,69,5940,2823,193,74,302,10,637,224,633,263,601,111,4047,1237,155,1035,125,2607,75,59,27,502,178,611,2553,2734,2626,2733,,26,266,2617,1,2,48,,304
25,165,9,239,5,1199,261,254,429,67,143,504,1617,349,23,70,986,401,51,67,84,2728,14,323,698,1878,47,100,76,21,50,209,48,2299,49,5688,267,9,355,75,83,715,160,150,22,123,640,410,178,32,229,257,13,178,13,16,453,205,65,4049,4000,0,95,294,26,573,193,549,160,582,305,4569,894,68,665,331,2974,149,47,82,487,202,114,2757,2826,2851,2852,,21,303,2652,3,2,40,,299
26,192,11,129,110,1363,307,313,267,104,80,507,1847,1084,25,40,717,478,65,85,73,1147,29,346,797,1556,76,177,355,0,24,122,46,2262,80,8771,235,15,409,144,47,841,147,158,25,160,179,341,192,30,262,368,56,186,8,18,375,420,131,3276,3526,95,95,200,19,545,256,724,308,658,148,5446,1044,143,967,128,2490,106,33,43,352,253,600,2930,2961,2932,3072,,28,314,2920,,4,46,,230
27,301,11,115,74,1519,389,362,1091,145,110,720,1559,631,7,22,1209,399,85,51,15,2201,20,427,868,1408,70,88,315,13,24,91,32,3250,62,6266,309,15,427,53,90,808,221,210,28,110,164,343,44,23,195,116,22,196,9,27,607,495,133,3311,4207,71,56,295,14,811,243,902,192,954,284,4866,774,206,1427,216,2028,92,26,80,323,296,376,3055,3101,3096,3062,,32,332,3000,,6,49,,310
28,340,15,187,70,844,404,356,361,96,145,840,3838,697,23,134,1453,520,87,150,147,514,18,367,1118,1496,51,257,290,22,42,130,41,2060,108,7721,183,23,304,160,72,1216,277,261,48,256,233,523,75,51,305,623,23,155,73,29,855,245,153,4438,5322,62,102,325,3,852,392,792,293,1154,292,4646,925,224,1452,313,15141,180,54,70,1138,346,367,3116,3272,3166,3139,,36,306,3254,,8,41,,289
29,170,5,169,80,683,539,382,399,99,188,905,2446,523,21,59,919,462,82,61,139,1853,23,484,1228,1722,83,209,212,11,38,217,31,3559,71,8707,285,10,407,111,101,1399,288,146,32,238,273,814,123,32,397,562,59,173,17,28,796,352,169,2342,5986,72,61,212,23,1019,437,446,215,1175,247,7691,1000,311,2129,1426,4156,146,51,31,1119,396,212,3182,3283,3339,3177,,23,368,3283,,3,50,,293
30,254,8,250,69,1738,877,454,1231,114,93,752,2931,416,13,13,986,549,78,64,9,1417,26,436,1436,1369,85,173,260,12,61,138,66,3335,124,8153,350,24,333,74,68,1690,334,217,73,296,215,550,120,16,228,541,28,138,23,16,606,341,155,4954,6557,97,139,402,33,1172,244,1035,278,1459,219,8553,1390,308,2885,633,2538,568,56,63,1074,260,431,3240,3275,3303,3354,,41,310,3380,,7,53,,373
31,321,8,250,56,1681,855,392,875,229,117,1047,3922,359,5,19,1287,558,102,102,232,746,30,326,1334,1155,88,139,225,10,53,150,44,4305,101,8996,203,28,366,102,64,1480,316,132,54,240,257,821,123,21,241,586,14,178,21,6,1141,362,194,5780,5560,267,99,424,79,1159,475,808,445,1786,201,8954,1048,266,2546,657,2007,336,62,96,1146,403,284,3356,3349,3285,3345,,23,330,3431,,8,58,,333
32,222,7,197,26,1503,651,376,1000,83,153,1027,3809,816,9,42,1529,442,97,55,104,1253,17,1158,764,1271,93,161,136,7,47,114,56,4229,84,10329,228,46,364,99,49,1485,311,183,89,401,236,793,105,4,455,283,37,129,9,17,668,447,182,6294,4789,45,60,331,18,1104,311,783,430,1667,238,9181,1122,325,2433,711,2052,601,43,89,1222,375,464,3273,3365,3331,3333,,31,322,3319,,3,47,,424
33,148,9,111,52,1460,755,222,1003,137,146,1231,4611,1598,13,39,1344,414,125,47,132,970,65,656,1337,1209,92,145,228,5,56,140,35,3381,71,12274,255,89,366,115,58,1507,275,185,90,253,210,551,97,7,312,113,49,183,0,9,594,476,283,3965,5249,249,62,507,15,884,435,852,251,2186,275,8244,1138,270,2619,869,1890,472,34,69,852,442,150,3299,3242,3380,3332,,27,312,3309,,7,48,,310
34,288,5,149,195,1691,1100,257,754,118,136,1260,2599,1048,11,49,1465,560,118,56,177,761,36,783,1365,641,194,273,298,5,84,176,71,3585,100,8122,404,57,372,79,82,1832,278,135,103,328,337,1033,63,9,397,296,65,145,19,7,522,575,247,4751,5210,132,20,253,41,845,357,638,193,2558,250,6424,696,789,3009,1169,1750,693,10,25,926,353,269,3275,3222,3188,3232,,27,302,3151,,9,61,,344
35,163,5,292,23,925,1162,226,972,97,165,1277,4376,681,12,22,1293,534,122,63,149,581,36,726,1588,994,29,264,209,11,40,101,48,3326,62,9304,210,42,354,94,50,1965,309,240,138,407,190,818,52,11,468,997,18,128,1,17,805,0,279,4615,6153,179,77,345,30,1019,370,754,360,2774,424,5813,962,301,4324,1112,394,354,5,145,1661,385,248,3156,3190,3176,3262,,47,323,3211,,3,46,,301
36,168,2,94,101,665,1274,547,525,80,88,805,7578,974,21,46,1672,496,77,92,112,421,26,531,2151,1355,45,169,216,7,87,75,72,3021,77,8314,268,17,370,108,76,1749,339,273,120,512,161,929,129,24,567,381,21,87,8,13,564,0,371,5453,5959,118,52,515,36,1083,380,452,344,3388,411,8145,1124,644,4244,1059,891,773,44,99,2210,448,324,3092,2958,3137,2992,,29,302,3048,,3,43,,430
37,151,8,281,21,1922,1333,308,1346,103,61,1279,4861,402,6,13,1173,310,123,137,85,502,31,711,2033,1049,114,181,172,4,65,109,76,3590,113,9568,204,35,305,105,80,1646,314,142,181,519,339,1475,138,9,197,532,10,127,11,21,529,1485,320,6156,5974,164,71,1169,31,1026,401,712,441,3448,408,7413,1033,343,4450,1673,826,540,77,143,1930,450,139,3005,2890,2859,2961,,36,260,2905,,3,44,,426
38,180,6,146,75,1500,1379,383,608,139,248,1118,2116,-158,4,4,1222,298,189,88,162,433,20,536,1886,1226,103,300,234,7,60,203,55,3561,114,10765,131,30,511,29,57,1181,215,112,143,612,171,919,126,4,473,486,42,166,10,8,418,459,292,6174,5217,136,56,696,28,904,318,699,265,4070,445,7583,974,261,3735,1251,647,678,57,91,1781,578,57,2879,2724,2671,2835,,29,244,2771,,2,56,,529
39,175,2,163,82,1587,1227,410,766,153,215,951,5233,1022,2,64,1346,432,96,77,85,581,20,624,2615,834,159,238,150,0,64,102,50,3563,87,10794,340,39,623,81,49,1340,384,120,100,365,210,917,129,2,427,400,29,154,4,19,396,558,312,6082,4050,69,70,839,37,1224,260,815,523,4785,372,7272,821,415,5903,1363,218,1035,39,99,1089,622,100,2628,2574,2578,2563,,26,245,2664,,2,44,,426
40,249,2,104,4,2224,1406,388,1129,126,0,1129,4267,788,6,30,1141,589,146,133,134,586,8,755,1392,764,142,204,140,4,100,84,55,3699,47,10160,396,55,693,127,30,1296,410,114,130,387,213,568,129,5,329,298,15,170,16,24,241,741,390,5936,4053,90,33,727,6,952,268,1516,310,6060,304,6663,552,467,3802,1614,515,909,43,178,1442,764,112,2532,2378,2343,2290,,15,239,2436,,7,45,,286
41,283,0,156,190,2319,1159,250,925,190,207,1141,1873,670,4,36,1841,616,191,84,93,462,13,790,1296,631,143,178,134,2,122,120,44,2734,126,8435,281,64,1115,87,73,1213,341,103,94,376,346,711,142,2,389,415,29,154,5,21,217,751,331,3677,4782,97,31,992,26,777,380,515,333,4268,324,5533,590,578,3634,1157,410,796,39,251,1261,511,96,2294,2145,2131,2243,,30,192,2269,,1,41,,312
42,222,2,272,291,1023,1179,339,741,127,186,1018,3912,1061,5,34,1585,495,181,177,185,348,19,738,1755,580,114,259,196,3,132,107,97,4240,101,6548,353,75,1380,123,49,1510,415,275,50,487,201,816,88,2,601,511,24,147,6,9,314,817,233,3834,4668,76,25,832,39,969,336,598,246,5642,312,3667,546,477,5491,1230,439,1211,65,124,1832,729,100,2136,1935,2035,2040,,19,177,2015,,5,42,,392
43,194,4,273,130,517,1503,395,412,134,269,877,3777,1014,2,34,1197,571,402,335,253,595,30,513,2263,1007,97,281,184,2,125,144,82,2206,138,7402,271,49,1317,103,59,1807,443,155,70,726,200,803,150,16,561,279,18,153,20,14,343,873,184,4003,4585,132,22,1068,34,1213,461,349,337,5236,260,5209,785,478,4344,1391,329,1075,75,142,3058,1043,86,1906,1794,1854,1846,,18,180,1824,,6,52,,356
44,187,6,212,207,532,1148,372,1853,171,108,1156,3881,356,2,17,1151,483,260,216,90,331,28,858,2221,1037,154,284,304,1,173,127,50,4287,169,11755,187,42,806,73,66,1621,430,160,103,722,170,822,170,8,483,339,14,121,4,22,329,826,177,4974,4805,120,15,724,28,1335,363,514,491,4774,224,5583,733,492,5195,1474,428,942,96,165,2105,1089,51,1784,1691,1660,1696,,17,154,1652,,4,38,,534
45,208,4,210,211,1562,1175,386,545,108,134,609,4286,605,1,10,1551,430,466,249,143,463,25,511,1970,1280,221,193,201,3,80,190,73,3150,145,8631,269,34,392,60,46,1250,310,131,98,544,323,1203,161,4,453,187,16,225,25,25,279,919,178,5323,4316,192,0,709,33,1316,545,643,360,5849,162,5745,592,392,8719,1385,574,1007,135,170,3257,1239,33,1593,1470,1523,1474,,17,160,1526,,4,40,,445
46,118,0,135,99,1620,1055,297,2109,155,134,906,4342,828,2,20,2049,361,123,107,180,481,25,581,1705,1375,243,183,171,1,100,141,71,2953,138,7532,388,40,577,27,46,1013,269,62,84,466,364,796,168,7,640,133,26,207,18,25,312,973,144,4133,3599,102,0,778,22,1174,306,750,351,5966,207,4537,400,0,5288,1168,205,991,194,318,2917,970,44,1383,1314,1320,1347,,8,140,1337,,4,53,,478
47,211,9,187,92,1664,902,376,631,167,458,806,3114,742,3,35,1827,621,175,209,175,401,8,963,1566,674,261,248,174,2,364,99,74,3881,66,7249,444,46,475,130,57,1379,218,169,107,332,488,514,173,0,636,164,33,304,16,29,247,846,193,2821,3039,85,28,493,12,964,263,181,328,6361,296,4550,279,401,4342,1064,127,1334,173,267,2055,835,50,1297,1213,1248,1125,,7,110,1251,,5,51,,358
48,175,1,208,68,1382,1011,341,821,171,128,1413,1613,910,4,32,2723,652,520,194,231,372,17,888,1556,701,156,227,135,0,284,70,72,3505,97,6199,496,38,418,63,68,1379,321,153,66,465,449,594,113,4,734,95,11,331,8,15,130,890,170,2537,3836,146,10,401,10,868,313,663,190,6198,263,3899,254,456,5252,1298,119,1553,87,141,1927,852,42,1090,963,1048,1042,,10,92,1124,,5,30,,419
49,143,3,310,58,717,1424,431,661,142,413,739,2673,806,1,32,2119,719,650,210,126,261,16,1151,1745,454,214,246,120,1,424,104,44,3581,150,4867,282,34,376,145,50,1571,374,156,33,497,300,914,107,13,596,374,29,224,15,34,106,911,198,2082,4204,115,156,388,12,734,342,521,306,6411,233,3030,583,540,4603,1383,117,1335,0,185,2498,1223,39,1023,924,909,939,,5,82,912,,4,50,,325
50,226,2,276,80,443,1349,384,687,51,80,822,5497,670,1,19,2126,620,381,494,169,279,39,820,3079,1012,365,397,137,0,228,122,92,3478,238,4324,205,41,362,130,76,1964,341,153,68,482,517,820,156,7,770,299,18,170,7,14,191,877,194,2486,3951,155,7,631,9,1061,381,657,468,5841,222,3116,315,455,4617,1318,170,1384,225,247,2678,1047,36,878,811,808,806,,11,65,864,,6,49,,464
51,317,1,235,74,1272,1035,993,728,102,79,744,2633,650,0,26,1980,950,378,205,72,218,28,910,4946,974,463,229,277,2,361,119,164,4124,198,5659,533,57,444,103,58,1328,327,183,61,613,304,937,173,11,604,371,34,208,13,10,136,784,169,2866,4694,111,55,936,11,1235,381,516,386,7099,227,4424,346,550,5599,1717,101,1409,439,203,3735,1425,53,777,708,731,783,,7,81,756,,9,37,,516
52,277,1,246,29,1263,1256,712,315,112,184,811,2641,234,1,-2,2219,646,508,353,229,374,29,626,2379,905,492,109,314,0,126,196,119,2207,102,6341,379,48,534,121,43,1083,188,237,75,676,235,944,157,5,565,14,21,231,7,14,78,861,142,3380,4092,80,27,577,11,1140,344,603,321,7933,285,3820,325,502,5525,1791,46,1684,318,354,3503,1515,26,703,641,590,616,,8,73,659,,5,50,,494
53,224,3,190,62,775,1431,473,455,217,120,440,405,770,3,47,2253,626,467,314,163,341,33,742,1590,1000,594,327,300,2,263,141,89,3327,219,8286,560,54,724,72,31,1019,175,123,75,606,281,844,152,5,804,391,26,334,10,16,155,905,131,3609,3153,101,16,377,4,1066,285,371,218,9623,196,3818,336,418,5850,1469,45,1429,336,297,5514,1349,13,577,541,547,563,,9,53,599,,1,37,,552
54,325,3,232,59,968,715,364,933,335,170,1339,2569,378,1,21,2563,690,302,208,170,710,20,883,1524,843,498,330,322,0,456,83,70,3515,118,10683,415,39,716,83,61,1595,281,122,62,563,251,715,194,1,623,155,24,460,8,7,59,913,180,2458,2972,119,0,701,1,750,316,918,401,10633,157,3836,168,366,4676,1436,20,1990,383,304,3379,1383,22,532,510,471,477,,8,42,505,,2,42,,473
55,254,1,254,38,803,2318,435,1064,139,80,885,785,693,3,31,3137,842,738,242,171,429,21,1741,1840,612,435,217,143,0,506,154,48,2150,180,6013,592,27,592,74,64,868,272,146,43,392,1275,754,151,8,885,196,15,346,27,9,48,933,217,1775,2667,45,28,386,4,729,422,412,303,10581,102,-713,155,487,4301,2046,29,1396,163,385,4613,1434,7,503,434,451,437,,5,39,460,,3,54,,482
56,355,1,446,56,387,1982,441,523,219,83,306,2051,1131,0,20,2450,688,758,266,2,200,28,1002,1963,193,571,262,245,0,494,38,105,2668,107,4077,154,27,579,129,69,2033,325,214,37,545,595,905,123,3,1055,375,7,304,4,7,73,951,161,1785,3786,166,0,229,1,708,237,163,277,10102,93,2218,205,507,4451,1590,24,1543,89,447,5385,1120,13,395,387,382,406,,4,32,398,,5,37,,552
57,339,2,314,86,205,1729,527,0,154,407,689,2667,1005,1,27,2994,638,528,347,342,363,76,993,1940,395,617,404,245,2,354,79,102,2408,153,3285,203,53,560,94,56,1540,249,163,53,682,495,971,156,2,830,216,9,272,9,6,50,921,137,2237,3493,89,42,376,1,887,228,298,362,10559,120,2951,228,504,4583,1766,22,1897,351,437,6276,1609,20,357,323,343,300,,2,39,369,,6,45,,520
58,283,3,402,83,748,1961,454,686,152,161,610,1827,832,1,25,2341,588,534,511,147,323,44,948,2106,688,728,288,164,0,437,114,104,2388,202,4718,412,76,495,66,45,1307,210,231,59,751,412,1233,119,5,940,368,26,330,9,8,91,933,235,2352,3491,56,15,359,8,806,270,180,262,11231,114,2312,181,515,5386,1920,19,1718,410,352,7218,1982,16,286,300,278,281,,4,19,308,,5,37,,1138
59,221,0,276,53,568,1834,457,648,139,144,708,1653,350,2,2,2049,568,408,172,452,403,34,708,1952,564,785,123,164,0,319,84,64,2538,181,4702,500,65,607,99,79,1008,285,137,126,812,272,1270,195,0,821,179,30,335,9,17,61,967,130,2337,3047,128,0,221,14,655,318,368,327,10699,57,2916,216,522,4913,1778,22,1993,680,236,6209,1906,10,301,255,239,267,,1,21,264,,4,41,,985
60,275,4,279,0,514,1222,409,374,193,194,347,1773,732,1,29,2275,863,293,122,124,253,28,1046,1824,676,723,173,169,1,329,104,60,2527,105,3879,648,49,555,24,80,913,176,131,239,610,182,1091,184,1,764,214,13,314,7,12,83,952,123,2055,2256,75,29,343,11,655,313,295,165,10817,95,2114,167,416,4463,1464,25,2293,1401,424,4970,1938,12,233,226,228,233,,3,21,242,,3,31,,1427
61,300,1,386,265,587,1101,272,789,245,170,498,1537,526,3,33,2638,656,655,116,227,203,26,1213,1000,416,702,234,119,2,419,74,89,3027,85,4559,448,87,887,118,77,975,164,84,249,463,371,866,148,2,0,207,22,375,6,10,66,947,153,1737,2729,73,6,330,24,400,425,364,431,11012,89,2506,103,375,4309,1543,43,2644,507,663,4588,1562,13,200,173,192,215,,2,17,192,,3,43,,1228
62,236,4,402,31,237,1517,457,627,203,118,1037,461,848,0,31,2886,678,398,191,125,562,15,1116,1184,381,481,182,99,1,640,32,79,1525,206,3699,508,52,679,121,73,1022,221,95,124,286,168,835,113,3,1314,325,22,349,13,8,55,958,157,1018,3370,85,6,216,8,171,309,-161,349,11656,82,1641,100,402,3996,1605,23,2553,390,525,6633,1305,8,209,177,177,177,,1,27,164,,1,46,,980
63,401,4,238,121,284,1362,464,573,170,176,735,1195,800,1,27,2320,619,214,200,171,183,38,1046,1754,410,528,393,245,0,403,159,60,2324,143,2524,396,31,389,110,79,1160,181,206,97,695,399,1152,90,1,772,324,10,280,13,6,67,951,150,1144,2646,161,10,261,18,386,307,334,325,10899,62,1660,143,422,4076,1526,44,3900,455,595,6935,1997,16,175,148,166,160,,0,18,180,,3,51,,1373
64,272,3,581,72,141,2334,544,570,117,211,615,1065,565,1,37,1654,394,288,116,17,208,50,1055,1696,420,695,318,121,4,95,171,83,1297,152,2302,286,63,699,124,92,1352,203,225,49,681,385,1155,170,1,854,320,12,199,15,12,58,969,153,1304,3021,100,21,265,10,514,319,0,270,10028,67,1525,179,483,6032,1572,99,2958,482,637,10503,1862,5,151,115,141,151,,4,18,141,,2,58,,1032
65,301,0,434,130,669,1566,455,211,96,271,819,1607,392,1,30,1461,501,414,338,224,235,38,790,1612,361,423,322,77,2,247,122,82,1745,139,2746,333,101,472,151,68,1160,215,164,69,790,363,1241,136,6,885,249,53,199,25,4,50,922,96,1478,2357,65,15,137,23,475,285,178,392,9974,52,847,119,528,6201,1649,52,3561,585,698,9888,2409,16,134,132,116,116,,1,12,127,,2,49,,1533
66,97,3,159,97,536,1848,548,568,99,150,542,1139,786,0,2,4045,542,539,53,293,612,45,691,1410,1182,527,173,227,0,157,129,92,1819,159,3526,448,134,470,73,58,1376,240,122,60,428,354,1261,170,0,989,560,36,286,13,4,60,936,116,0,2324,142,13,156,7,445,345,480,312,10598,79,1241,112,433,4806,1825,65,3390,628,724,10222,2437,18,120,113,94,121,,,12,98,,4,39,,1391
67,315,0,261,115,551,1435,328,522,152,174,563,604,181,1,34,1706,368,377,7,99,827,39,753,1050,493,797,136,275,2,340,77,40,1631,185,2873,743,88,636,88,73,520,121,139,95,562,484,906,138,4,730,104,102,377,12,4,34,918,147,2584,1739,82,19,219,3,335,330,533,320,9200,64,1387,88,325,4339,1653,138,3320,566,665,10611,2112,24,116,86,86,103,,,7,103,,6,53,,1247
68,290,2,356,181,426,1319,198,609,135,123,826,794,863,2,21,3207,583,386,373,295,348,26,1094,669,434,729,272,156,1,339,125,56,1447,91,2715,597,48,593,91,57,850,156,135,72,235,327,1188,170,0,946,187,24,574,10,18,12,945,151,793,2091,22,6,236,1,199,595,553,231,9709,58,1234,76,260,3985,2760,69,3277,390,785,6760,2075,24,95,94,88,76,,,8,96,,4,36,,1647
69,676,5,440,54,479,1261,310,621,171,199,371,308,555,4,30,2447,654,374,49,181,280,28,1084,870,638,708,263,144,7,355,124,69,1413,158,2138,819,53,520,43,63,787,405,103,28,404,329,951,146,6,1067,639,42,514,11,18,68,932,162,679,2086,19,10,139,14,317,283,138,226,8926,114,935,28,354,4406,1298,78,4213,367,831,5632,2414,26,91,70,69,89,,,12,77,,4,29,,1197
70,362,0,498,110,240,2515,339,618,81,168,802,576,556,0,28,2141,638,279,173,195,315,78,978,1165,799,695,255,141,1,454,110,147,798,96,1610,528,39,449,148,62,964,215,159,40,495,287,1360,146,2,859,314,11,203,14,17,31,941,100,685,1872,51,18,107,1,232,411,175,190,9263,89,466,51,476,6211,1274,102,3604,378,1160,9258,2713,21,91,76,66,66,,,5,78,,6,39,,1658
71,256,3,495,80,118,1939,371,716,147,157,595,1104,820,1,61,1691,500,323,110,20,334,58,837,1685,484,666,402,147,0,128,132,67,817,146,1438,584,-35,530,169,71,1020,165,218,58,702,187,1474,187,2,1011,290,72,151,2,13,17,954,135,1037,1965,91,16,159,21,455,401,98,224,8764,34,1039,66,442,5514,1450,94,3525,276,918,11385,2248,18,61,48,74,60,,,5,70,,3,25,,2660
72,479,4,462,455,462,1694,394,697,164,192,386,4183,413,0,31,2418,478,304,297,248,329,71,962,1239,651,641,381,140,0,277,103,79,1144,134,2123,641,20,498,111,11,1050,216,254,92,705,376,1347,159,2,705,152,45,279,10,2,65,946,101,1194,1900,83,10,426,7,319,241,234,245,8849,100,880,81,432,4649,1426,119,3722,468,767,13944,2973,15,54,48,66,71,,,6,65,,5,50,,2659
73,329,1,306,154,395,2135,397,314,117,143,941,629,299,0,24,1520,505,341,51,164,278,65,1782,1512,480,530,247,125,0,221,127,75,1201,153,2364,459,42,484,77,64,517,113,155,0,642,534,1818,181,6,752,152,36,573,0,1,22,915,110,1209,1389,58,40,129,0,289,272,219,190,8894,86,921,44,406,3896,1512,113,3967,652,803,15305,2960,12,41,58,50,43,,,5,52,,3,46,,2502
74,508,13,233,163,318,2208,305,587,237,161,479,642,680,0,14,2415,584,572,16,131,1188,42,778,1077,397,805,206,192,0,273,238,60,1184,170,2759,713,39,731,53,39,931,0,126,179,656,233,879,203,5,1005,391,37,393,30,15,62,897,84,1251,1221,61,9,92,6,245,356,187,267,9434,105,1173,54,259,3923,1268,98,3970,290,1134,14919,3329,7,47,49,50,51,,,5,45,,1,44,,1886
75,664,6,396,147,294,1227,265,191,105,119,808,433,580,1,35,2282,687,302,137,139,421,19,1203,1042,439,840,273,182,0,305,117,48,1245,148,2185,727,34,627,47,75,728,145,114,112,401,436,962,132,4,763,210,17,590,7,5,42,902,78,667,1075,33,15,64,9,161,383,264,167,8599,68,743,39,339,3877,1146,84,4987,203,988,7938,2764,16,38,44,37,43,,,2,43,,3,31,,2353
76,382,5,331,107,340,1463,280,432,73,156,928,209,948,3,32,2715,492,340,80,213,117,35,894,873,312,728,313,141,2,238,73,34,1705,83,1901,1070,23,613,92,16,747,143,119,95,348,394,960,129,3,1229,110,21,428,10,12,10,906,76,357,1444,19,2,88,1,196,471,227,165,8946,67,3416,36,0,3403,1133,54,5242,191,1218,13140,2485,11,52,38,22,40,,,1,40,,5,33,,2278
77,498,28,418,151,146,1636,315,382,144,101,673,456,807,2,39,2390,509,388,101,124,128,28,1069,1045,200,742,328,187,4,327,100,55,974,104,1241,500,48,503,41,47,1101,141,204,23,602,401,1292,101,1,813,369,18,377,16,8,87,894,46,933,1401,44,4,51,4,227,404,226,155,8915,34,393,33,798,3242,1176,100,4970,276,1240,17408,3455,14,47,50,35,37,,,3,25,,6,37,,3520
78,501,7,293,97,81,2068,392,446,115,30,777,708,765,2,34,2441,477,536,60,30,623,52,1311,1114,224,645,418,191,8,145,91,103,1386,122,1479,766,21,566,68,24,1053,141,259,67,637,351,1289,88,2,799,270,28,284,15,9,36,898,78,798,1327,50,10,64,12,270,476,173,196,8338,34,482,50,822,3446,1121,70,5611,236,1032,19951,3463,30,44,43,32,40,,,4,37,,3,39,,4038
79,328,21,432,261,307,1729,295,405,109,75,854,507,674,1,36,1707,338,194,313,57,336,37,835,805,504,505,439,134,12,221,97,103,1073,112,1478,191,33,529,80,39,797,184,257,57,673,417,1072,243,4,495,205,21,277,7,6,54,847,67,933,1083,44,3,76,6,200,312,223,198,8371,48,439,51,0,3560,1123,62,5609,193,649,18508,3377,17,24,18,34,23,,,2,34,,2,44,,3964
80,593,19,299,239,284,2068,476,430,72,65,502,622,581,0,15,1238,367,371,21,276,442,56,536,773,400,483,272,169,10,264,128,53,1247,129,2078,599,27,433,88,22,554,109,201,83,625,427,928,329,2,1483,178,25,642,5,25,41,852,69,913,802,31,20,115,13,189,395,228,127,8572,25,849,58,468,3450,1201,48,6088,263,1673,20803,3227,9,23,30,17,27,,,2,17,,6,43,,4276
81,582,26,222,236,381,1918,208,0,86,186,527,563,425,1,53,1126,386,447,31,138,213,43,752,1013,645,584,251,179,4,357,144,106,385,131,1678,829,39,476,67,18,700,63,82,73,470,400,1082,269,5,1615,242,17,646,7,21,63,861,41,620,744,11,3,76,27,125,305,252,145,8952,54,643,15,668,3534,1251,67,6654,295,1466,16508,2885,15,25,26,24,19,,,0,41,,3,38,,3536
82,237,23,222,240,71,1433,116,271,46,76,1204,372,652,0,27,1516,643,226,225,197,0,24,1292,596,259,659,268,226,4,285,109,34,1050,65,1754,1119,71,651,119,71,517,121,238,94,466,403,599,278,2,907,232,17,573,2,26,72,865,76,583,1402,20,2,57,13,146,443,288,213,9268,27,515,10,483,2711,1138,56,6767,218,1837,15813,3152,8,21,22,26,17,,,4,26,,2,25,,3709
83,80,14,479,190,246,1577,297,203,179,107,776,120,647,1,55,1666,514,347,40,178,775,28,1297,422,507,660,302,299,2,393,73,64,938,111,1601,1026,45,468,113,48,773,107,207,33,234,436,440,197,36,1152,122,8,465,3,23,14,887,73,342,888,29,4,59,19,108,399,271,213,9035,31,652,21,588,2412,1070,86,6977,174,1727,11687,2771,11,21,23,24,24,,,3,19,,4,45,,4895
84,221,9,501,375,122,2038,222,260,84,80,676,492,650,9,64,1496,665,317,138,199,339,41,1031,527,1080,358,238,198,12,251,157,46,672,224,1279,925,19,479,102,45,666,106,165,41,422,477,1083,211,1,1132,170,17,169,6,23,25,883,65,513,992,64,10,37,5,198,352,152,146,8863,18,256,40,553,-525,1040,86,6535,123,1716,16324,3891,2,12,19,19,20,,,1,18,,1,40,,3964
85,315,19,702,249,75,2144,341,179,56,27,740,524,525,8,57,1298,365,285,51,50,431,28,794,675,245,300,209,266,2,196,92,81,864,116,1044,682,21,471,97,54,761,116,343,33,724,156,1532,321,19,1078,246,18,138,12,15,78,879,48,797,789,51,11,68,11,253,330,165,165,8536,24,431,36,550,2615,990,55,6387,109,1674,20599,3912,14,14,25,19,11,,,1,14,,8,34,,4328
86,656,13,790,358,304,2363,486,539,29,34,879,418,448,2,28,1078,255,168,161,213,405,36,579,617,310,363,265,229,1,244,168,77,1187,213,1132,684,40,366,56,58,716,0,263,95,649,410,1715,300,17,996,214,14,393,6,6,18,823,59,745,875,33,3,38,36,188,416,219,197,8831,69,518,13,0,3287,1222,79,6566,84,1455,26417,4442,11,14,10,8,18,,,2,26,,3,32,,4654
87,457,22,681,226,198,2313,482,239,130,27,509,318,715,1,14,1578,445,228,24,137,387,42,796,789,225,403,236,144,5,266,188,66,1029,319,1758,961,39,442,91,59,429,0,467,85,637,1256,1253,486,12,791,249,24,665,8,21,57,812,71,460,675,50,3,35,40,176,215,285,191,8726,48,482,18,485,2959,1156,93,7466,81,1713,26928,4346,3,17,13,14,17,,,1,18,,4,46,,3695
88,425,24,187,450,181,2014,280,112,104,72,379,403,706,6,44,1035,480,359,32,198,429,46,786,664,4529,707,498,326,3,255,188,24,764,128,1549,1263,36,490,55,33,516,201,287,30,379,526,1323,522,9,841,276,32,461,13,20,29,801,27,638,451,33,6,53,29,172,379,304,151,8855,96,1787,11,463,2405,1141,112,7964,119,3267,33274,3593,9,9,18,10,14,,,5,8,,4,26,,4220
89,497,22,1127,325,159,1928,199,148,79,97,651,240,306,3,29,870,396,567,175,296,427,18,873,3840,452,521,341,174,6,251,179,36,837,140,1363,1141,42,476,158,64,581,49,267,90,271,350,1578,218,11,666,273,25,352,10,13,46,750,41,431,813,26,2,61,6,209,230,350,124,8984,74,466,10,394,1625,1078,94,8380,51,2642,16409,3484,15,13,14,13,11,,,0,7,,6,33,,4830
90,567,34,995,314,159,2274,211,221,70,30,1212,115,648,7,36,1168,494,389,62,270,497,18,917,358,419,385,374,237,7,262,142,53,473,122,1104,1392,22,353,116,75,556,65,236,71,384,425,1107,294,15,951,287,16,274,10,15,32,704,52,289,665,2,0,72,29,133,0,257,141,8985,82,482,15,525,4043,1012,49,8392,76,2539,11598,2999,6,9,12,11,5,,,2,9,,2,36,,5471
91,856,12,573,340,60,2908,272,358,63,48,927,358,817,14,41,934,429,195,145,308,330,31,692,429,296,338,0,266,2,164,231,46,627,43,945,854,21,365,146,106,557,106,354,33,597,560,1885,261,9,676,266,32,249,29,20,20,721,32,432,642,24,1,4,28,190,653,297,119,8595,73,-372,0,689,2013,936,50,8171,150,2312,28936,4199,11,13,6,7,13,,,0,12,,3,38,,3527
92,865,4,1551,288,48,1949,300,150,57,36,739,276,752,17,51,819,400,267,53,34,236,30,494,471,279,299,608,262,10,91,170,31,523,145,1361,918,23,361,222,92,480,85,448,52,648,452,1580,343,6,865,286,19,211,18,14,38,732,81,362,652,0,19,45,58,182,371,200,152,8404,69,859,35,683,1887,872,352,8909,55,2594,28633,4883,23,8,19,10,7,,,1,12,,5,38,,4942
93,891,13,1148,448,58,2197,255,124,85,50,667,191,663,5,45,1473,225,317,168,308,562,54,431,494,187,366,257,187,15,118,248,42,462,118,1043,812,43,325,225,137,599,0,463,81,639,406,1784,384,2,1284,241,35,274,23,17,18,707,40,353,669,30,0,31,53,176,567,195,238,8779,66,510,32,753,2095,993,31,9304,114,2112,30916,4790,12,8,8,8,8,,,0,6,,5,34,,4664
94,1014,25,1407,731,178,2972,233,87,63,67,617,3325,428,8,14,778,432,160,43,190,418,36,519,575,250,447,168,216,13,136,240,48,806,158,1053,912,29,413,158,116,494,0,370,61,749,648,1994,315,3,570,196,42,2656,10,36,28,689,36,741,531,23,0,21,49,131,575,366,196,8987,71,1137,17,648,1604,906,18,9851,44,2430,30830,5222,10,3,9,10,10,,,2,6,,8,34,,4207
95,657,19,837,548,160,3057,153,168,52,56,1317,597,624,4,59,568,312,462,52,138,442,36,571,304,254,479,283,57,8,137,288,19,557,95,1042,1430,33,429,186,97,431,146,514,77,637,514,1753,380,0,487,458,50,320,19,42,51,663,30,738,300,17,15,20,129,185,599,331,187,8706,73,658,17,656,1936,772,14,9887,48,3147,27075,3494,9,4,8,4,3,,,1,11,,3,37,,5246
96,640,26,635,406,168,3014,182,114,65,35,1419,1828,774,4,71,842,417,370,269,99,523,17,709,190,143,377,353,328,5,290,207,27,271,102,1083,1732,25,420,228,75,532,71,428,91,429,387,871,252,0,439,336,32,322,10,44,44,625,35,286,397,20,0,18,141,103,400,377,189,8835,76,664,9,666,1570,757,32,9971,20,3359,18921,4147,17,6,5,10,6,,,0,6,,3,28,,6405
97,400,24,1585,416,155,2529,164,228,55,76,1305,257,696,18,91,758,400,352,53,224,1288,9,439,263,222,299,489,218,16,198,117,19,333,122,777,1444,37,424,258,151,446,49,531,65,272,452,1378,444,5,470,168,43,293,25,31,4,676,37,333,584,24,97,6,77,102,197,382,125,8246,59,201,3,758,1653,758,15,9983,60,3809,15654,3427,8,11,5,4,6,,,2,7,,4,38,,4696
98,894,14,1544,274,69,2438,151,305,58,63,1270,338,867,27,110,628,421,337,232,253,336,17,673,267,56,222,381,221,25,121,357,72,299,88,712,1288,25,300,451,139,534,56,682,30,775,398,1945,320,9,564,223,28,281,30,48,21,603,40,213,593,15,9,8,83,86,444,142,145,8248,57,209,19,829,1871,705,12,9987,20,4302,32091,4599,11,7,8,5,11,,,1,6,,5,40,,3913
99,796,10,1642,415,53,2326,148,94,32,41,1180,-766,869,14,127,602,366,167,85,47,552,42,393,511,164,189,0,337,11,101,179,14,550,132,690,1058,7,428,352,156,634,68,729,38,2214,558,2500,387,3,658,547,22,223,29,57,11,569,64,342,516,24,10,16,82,209,376,392,196,7843,59,294,20,921,1805,675,8,9985,39,3495,32913,4930,11,5,5,8,10,,,,8,,2,37,,5737
100,547,36,1606,322,150,2510,175,147,19,55,966,352,977,11,135,528,521,151,282,211,534,35,325,392,228,415,0,292,32,125,312,36,470,88,664,848,44,434,331,101,410,0,785,84,1080,771,2001,551,12,637,221,36,299,6,69,31,518,49,394,416,9,20,7,75,210,440,421,237,7790,96,394,23,841,1650,641,15,9996,89,2801,30412,5662,4,3,5,8,2,,,,4,,3,45,,5596
101,472,21,1180,703,144,3593,195,114,29,112,1096,767,696,2,19,619,358,153,50,36,928,25,351,336,286,379,0,375,19,171,361,32,348,107,724,1037,32,412,478,184,313,0,841,59,1056,678,2259,570,4,380,297,64,338,18,82,36,464,24,507,355,14,20,12,96,183,375,294,222,7972,94,334,20,735,1557,609,10,10956,23,4078,25982,5030,5,8,6,3,10,,,,4,,6,28,,6754
102,433,45,1052,511,116,2637,113,80,56,70,1371,611,631,3,242,550,256,353,40,291,760,19,561,208,320,356,1265,397,17,195,452,26,441,170,821,1284,28,700,218,277,386,122,585,49,948,489,2089,588,1,445,529,36,444,33,50,62,458,14,407,178,17,4,45,47,239,396,310,275,7889,93,318,9,681,1326,722,3,11458,14,3478,21704,4717,5,6,3,6,1,,,,3,,4,37,,6509
103,643,30,2293,419,94,2850,169,11,49,94,1698,579,797,14,145,665,444,343,318,201,0,14,274,87,421,436,611,181,9,189,259,14,276,135,912,1588,37,609,295,120,390,74,614,67,843,492,1422,394,20,444,203,52,302,24,66,19,437,39,301,318,4,9,8,52,165,407,270,320,7728,94,332,7,1773,1205,642,26,11929,31,3825,17110,5343,2,5,2,6,7,,,,6,,5,27,,6938
104,967,26,1861,522,88,2290,143,117,32,45,1902,343,915,15,238,836,321,465,83,238,870,23,311,195,152,453,526,415,23,176,339,13,222,129,694,1626,37,531,481,148,310,73,561,72,403,999,2185,468,7,463,144,50,401,28,50,46,331,15,214,321,4,13,18,95,164,506,283,166,7600,91,240,16,0,1741,545,2,11502,42,4966,20647,4577,9,7,0,3,4,,,,6,,2,36,,5143
105,1142,33,2572,595,47,2958,231,158,36,27,2581,211,823,14,219,618,334,128,451,171,393,23,415,266,271,307,1092,330,37,116,483,27,323,144,623,1214,44,546,438,206,393,34,992,29,791,620,4246,419,7,555,232,38,284,44,53,21,382,19,350,177,5,14,13,69,184,314,227,250,7425,96,167,23,994,1003,409,4,10667,28,4621,34918,6288,9,2,4,3,2,,,,1,,7,24,,5013
106,977,25,3183,697,22,2894,228,40,38,42,2016,403,1077,6,280,619,361,468,97,119,462,53,338,271,229,242,550,598,26,103,402,40,277,152,630,986,37,729,396,90,508,21,1083,27,890,496,3493,461,2,650,404,35,251,42,36,13,380,64,318,518,0,55,7,62,164,301,346,345,7176,102,249,33,1109,1266,472,12,10974,0,4288,32188,5437,5,3,1,0,3,,,,2,,2,38,,36179
107,900,47,3284,687,148,3570,286,27,36,91,1758,545,1552,27,170,461,213,197,522,154,1356,32,299,228,338,297,465,491,23,147,451,33,404,202,561,984,39,590,299,276,390,0,1155,66,1474,536,3211,629,2,551,344,75,338,24,68,34,315,40,555,270,16,24,14,96,210,304,300,320,7113,143,314,19,948,1541,405,3,12881,68,4518,22765,6104,12,4,1,2,2,,,,1,,2,31,,4475
108,358,42,2468,678,97,3576,162,117,34,37,2783,425,824,1,224,667,258,253,38,250,882,52,400,286,448,360,368,342,11,135,448,46,389,216,626,1437,42,632,302,145,346,0,907,60,1396,763,4645,674,6,471,215,74,465,25,52,28,328,54,258,197,9,10,13,87,179,311,336,320,6800,137,427,31,917,1425,413,2,13586,85,5688,54771,5441,18,1,3,3,1,,,,4,,2,37,,6290
109,1734,50,2101,570,122,3149,190,14,31,74,2610,726,1212,17,227,743,293,427,249,199,938,37,332,125,314,493,669,345,56,129,1041,30,338,211,794,1277,65,892,228,191,642,103,1008,56,1247,804,4272,517,0,529,442,73,552,33,67,30,306,24,348,280,1,19,6,122,143,296,417,330,6852,193,502,23,646,1514,467,3,14516,47,6579,34666,4410,15,3,3,2,5,,,,2,,2,53,,5355
110,870,60,3630,508,106,2519,165,81,26,135,3207,526,1872,8,354,910,519,487,553,271,1354,28,463,149,329,417,680,494,48,125,787,13,308,190,707,1715,57,987,585,170,617,49,912,91,683,873,3292,420,2,520,372,79,514,37,78,20,274,33,247,283,1,10,5,79,0,300,375,315,6791,227,396,14,1370,968,377,2,15413,33,6215,17459,4050,12,4,3,2,2,,,,2,,3,37,,5607
111,917,55,1810,439,117,2709,188,65,31,150,3822,407,1713,20,255,877,490,444,61,240,0,34,307,229,240,516,652,527,49,178,784,22,273,173,665,1457,37,817,355,124,492,40,1284,55,769,1107,4760,663,17,432,321,130,517,27,77,24,299,44,192,202,11,21,4,113,304,294,377,246,6719,254,323,15,0,1279,360,2,14821,46,7210,21432,3805,23,3,1,2,2,,,,0,,6,28,,4608
112,1149,32,3090,520,49,3469,262,147,32,98,4049,152,1506,28,309,724,438,375,512,304,1467,41,328,172,314,312,870,320,67,251,611,20,319,165,555,1468,33,854,427,368,455,88,1125,35,940,1011,5080,546,9,624,393,107,481,36,61,27,273,50,378,379,12,15,8,73,117,298,292,214,6693,242,181,37,889,1115,320,2,14933,56,6334,39436,5432,21,1,1,2,1,,,,3,,2,29,,3804
113,1754,30,3379,420,17,4250,324,97,44,36,3494,344,1746,24,346,581,364,317,84,143,840,34,328,226,494,442,914,490,45,125,569,20,158,129,598,1506,45,737,526,158,720,50,1313,48,1239,132,6584,500,2,677,382,63,387,32,72,33,284,47,345,163,5,8,5,0,115,276,259,321,6556,276,219,17,1790,1218,386,6,15968,32,6130,42725,5681,18,1,2,3,2,,,,0,,1,47,,3649
114,997,22,3476,878,112,3754,317,59,35,221,2926,458,1524,24,397,768,299,354,789,177,1014,45,477,233,429,415,990,535,39,164,720,35,2158,244,575,1378,,743,580,247,450,0,1604,62,1481,1443,5473,602,11,489,421,,620,24,64,17,250,0,580,346,19,11,9,0,107,319,345,460,6760,272,355,92,0,1346,367,0,16922,46,6945,39483,6741,27,1,1,3,1,,,,1,,1,39,,4648
115,1091,,3809,547,90,3708,226,152,38,192,3286,467,1734,7,368,776,370,278,150,259,2083,24,315,373,574,494,226,441,45,130,1007,14,388,256,738,1753,,1076,283,146,385,0,1381,67,0,1427,5799,604,2,453,331,,584,28,69,40,,0,770,338,0,22,9,292,76,193,367,411,6718,359,585,0,1366,1295,409,15,17296,39,8124,46860,6740,25,4,,2,1,,,,4,,6,33,,4296
116,925,,641,587,13,4011,284,58,25,73,5511,811,2016,41,423,880,376,466,124,198,1383,18,350,224,453,414,357,273,37,131,793,26,289,287,804,1693,,1301,434,169,768,0,1324,85,0,1545,6057,647,3,598,646,,569,41,45,30,,136,601,301,0,23,23,152,91,247,311,325,6632,309,307,0,564,1221,390,19,18552,38,8728,38693,6914,13,1,,2,1,,,,2,,4,29,,4406
117,907,,4797,605,93,3953,205,74,45,132,5004,641,2464,,360,866,437,641,793,256,1728,8,513,101,396,0,957,516,78,151,847,17,309,193,697,1939,,1091,858,274,673,163,1755,50,0,1816,3798,288,,416,335,,689,36,82,62,,34,687,210,18,10,2,,65,239,451,291,6736,325,363,18,,958,318,1,19906,33,9063,30476,4683,18,1,,,1,,,,1,,0,44,,4216
118,,,4753,439,0,5813,203,71,12,165,8942,284,2309,,,886,546,372,75,285,0,17,407,114,325,512,,716,,184,412,18,90,251,624,1287,,926,,363,638,,1520,35,2889,1706,6319,648,,532,622,,678,,90,38,,54,537,328,5,14,23,,64,382,323,269,6611,302,334,22,,921,311,7,19459,36,10853,24052,4902,29,1,,,3,,,,1,,2,41,,4017
119,,,3343,259,103,6419,314,0,35,121,9585,373,2886,,,858,529,536,,54,1937,,302,261,376,433,,,,167,918,,,220,391,1360,,968,,343,839,,1782,42,1905,1350,7947,550,,658,598,,507,,67,35,,21,503,331,22,19,11,,82,371,457,388,,289,232,44,,652,326,6,18522,41,8773,33846,,37,3,,,,,,,1,,4,28,,3394
120,,,4399,,152,4850,323,0,33,,8530,517,2604,,,579,575,445,,3,1101,,233,195,608,564,,,,111,,,,,458,1836,,805,,294,715,,1831,58,1487,1133,8123,,,716,491,,568,,74,31,,39,587,0,5,23,4,,110,259,266,326,,,248,52,,1118,279,5,18653,41,,46712,,37,,,,,,,,1,,3,20,,2650
121,,,2722,,66,5524,272,259,54,,5266,81,2513,,,698,357,152,,752,1936,,540,290,,,,,,115,,,,,628,1328,,948,,300,504,,1854,,1566,1144,7434,,,639,542,,516,,71,33,,0,630,264,1,26,12,,91,314,229,450,,,334,58,,1380,369,9,19148,40,,48105,,46,,,,,,,,,,4,30,,2498
122,,,3510,,82,5614,293,57,,,6093,0,1897,,,682,299,389,,356,,,489,210,,,,,,152,,,,,872,,,,,165,481,,1461,,1247,1134,7158,,,354,310,,,,,47,,0,477,224,6,28,9,,69,231,313,420,,,400,69,,890,172,6,20903,50,,42223,,45,,,,,,,,,,1,25,,3548
123,,,3416,,89,4426,200,,,,6563,1588,1526,,,,,,,,,,,136,,,,,,,,,,,919,,,,,210,784,,1533,,0,,6289,,,638,695,,,,,67,,76,687,221,5,25,11,,73,205,328,416,,,419,62,,901,238,10,22771,47,,37923,,81,,,,,,,,,,3,24,,3758
124,,,3617,,129,5502,216,,,,10109,0,2692,,,,,,,,,,,163,,,,,,,,,,,725,,,,,,799,,972,,0,,4431,,,,505,,,,,64,,17,256,113,4,8,18,,76,,374,391,,,564,35,,814,218,9,24850,73,,26051,,67,,,,,,,,,,2,38,,3685
125,,,,,111,7040,401,,,,9488,0,,,,,,,,,,,,201,,,,,,,,,,,536,,,,,,,,,,2530,,9181,,,,717,,,,,63,,26,262,577,,43,4,,50,,413,250,,,301,62,,689,668,2,24248,85,,20229,,86,,,,,,,,,,3,33,,3025
126,,,,,71,8158,,,,,11458,1324,,,,,,,,,,,,264,,,,,,,,,,,516,,,,,,,,,,784,,9845,,,,663,,,,,41,,21,498,296,,,,,62,,328,,,,200,220,,829,286,2,22252,41,,,,81,,,,,,,,,,4,24,,
127,,,,,107,7611,,,,,10059,541,,,,,,,,,,,,295,,,,,,,,,,,590,,,,,,,,,,1241,,,,,,496,,,,,111,,17,466,255,,,,,22,,232,,,,301,33,,0,0,12,,40,,,,254,,,,,,,,,,2,35,,
128,,,,,42,8434,,,,,6336,918,,,,,,,,,,,,213,,,,,,,,,,,,,,,,,,,,,947,,,,,,382,,,,,37,,0,503,175,,,,,75,,,,,,388,133,,519,567,2,,72,,,,107,,,,,,,,,,3,30,,
129,,,,,,8100,,,,,7347,659,,,,,,,,,,,,288,,,,,,,,,,,,,,,,,,,,,780,,,,,,669,,,,,138,,0,446,174,,,,,61,,,,,,444,97,,624,319,3,,59,,,,87,,,,,,,,,,2,25,,
130,,,,,,8878,,,,,,582,,,,,,,,,,,,199,,,,,,,,,,,,,,,,,,,,,0,,,,,,1049,,,,,121,,46,422,126,,,,,73,,,,,,442,70,,516,226,11,,0,,,,137,,,,,,,,,,3,29,,
131,,,,,,6411,,,,,,0,,,,,,,,,,,,230,,,,,,,,,,,,,,,,,,,,,0,,,,,,546,,,,,123,,,239,142,,,,,36,,,,,,0,46,,352,219,7,,117,,,,,,,,,,,,,,3,20,,
132,,,,,,6282,,,,,,0,,,,,,,,,,,,303,,,,,,,,,,,,,,,,,,,,,1642,,,,,,,,,,,73,,,219,182,,,,,,,,,,,0,,,,399,1,,52,,,,,,,,,,,,,,2,18,,
133,,,,,,9897,,,,,,1375,,,,,,,,,,,,217,,,,,,,,,,,,,,,,,,,,,,,,,,,,,,,,57,,,390,201,,,,,,,,,,,1244,,,,,3,,59,,,,,,,,,,,,,,7,34,,
134,,,,,,,,,,,,,,,,,,,,,,,,234,,,,,,,,,,,,,,,,,,,,,,,,,,,,,,,,,,,,223,,,,,,,,,,,,,,,,0,,83,,,,,,,,,,,,,,1,27,,
135,,,,,,,,,,,,,,,,,,,,,,,,298,,,,,,,,,,,,,,,,,,,,,,,,,,,,,,,,,,,,235,,,,,,,,,,,,,,,,17,,87,,,,,,,,,,,,,,8,19,,
136,,,,,,,,,,,,,,,,,,,,,,,,359,,,,,,,,,,,,,,,,,,,,,,,,,,,,,,,,,,,,192,,,,,,,,,,,,,,,,5,,100,,,,,,,,,,,,,,4,23,,
137,,,,,,,,,,,,,,,,,,,,,,,,296,,,,,,,,,,,,,,,,,,,,,,,,,,,,,,,,,,,,208,,,,,,,,,,,,,,,,19,,93,,,,,,,,,,,,,,1,29,,
138,,,,,,,,,,,,,,,,,,,,,,,,255,,,,,,,,,,,,,,,,,,,,,,,,,,,,,,,,,,,,,,,,,,,,,,,,,,,,7,,86,,,,,,,,,,,,,,2,21,,
139,,,,,,,,,,,,,,,,,,,,,,,,244,,,,,,,,,,,,,,,,,,,,,,,,,,,,,,,,,,,,,,,,,,,,,,,,,,,,5,,117,,,,,,,,,,,,,,5,30,,
140,,,,,,,,,,,,,,,,,,,,,,,,287,,,,,,,,,,,,,,,,,,,,,,,,,,,,,,,,,,,,,,,,,,,,,,,,,,,,1,,130,,,,,,,,,,,,,,6,16,,
141,,,,,,,,,,,,,,,,,,,,,,,,327,,,,,,,,,,,,,,,,,,,,,,,,,,,,,,,,,,,,,,,,,,,,,,,,,,,,11,,151,,,,,,,,,,,,,,2,20,,
142,,,,,,,,,,,,,,,,,,,,,,,,338,,,,,,,,,,,,,,,,,,,,,,,,,,,,,,,,,,,,,,,,,,,,,,,,,,,,6,,194,,,,,,,,,,,,,,4,27,,
143,,,,,,,,,,,,,,,,,,,,,,,,283,,,,,,,,,,,,,,,,,,,,,,,,,,,,,,,,,,,,,,,,,,,,,,,,,,,,9,,214,,,,,,,,,,,,,,5,39,,
144,,,,,,,,,,,,,,,,,,,,,,,,369,,,,,,,,,,,,,,,,,,,,,,,,,,,,,,,,,,,,,,,,,,,,,,,,,,,,5,,240,,,,,,,,,,,,,,2,33,,
145,,,,,,,,,,,,,,,,,,,,,,,,289,,,,,,,,,,,,,,,,,,,,,,,,,,,,,,,,,,,,,,,,,,,,,,,,,,,,3,,0,,,,,,,,,,,,,,3,32,,
146,,,,,,,,,,,,,,,,,,,,,,,,256,,,,,,,,,,,,,,,,,,,,,,,,,,,,,,,,,,,,,,,,,,,,,,,,,,,,4,,459,,,,,,,,,,,,,,3,27,,
147,,,,,,,,,,,,,,,,,,,,,,,,502,,,,,,,,,,,,,,,,,,,,,,,,,,,,,,,,,,,,,,,,,,,,,,,,,,,,11,,,,,,,,,,,,,,,,2,21,,
148,,,,,,,,,,,,,,,,,,,,,,,,414,,,,,,,,,,,,,,,,,,,,,,,,,,,,,,,,,,,,,,,,,,,,,,,,,,,,7,,,,,,,,,,,,,,,,3,29,,
149,,,,,,,,,,,,,,,,,,,,,,,,514,,,,,,,,,,,,,,,,,,,,,,,,,,,,,,,,,,,,,,,,,,,,,,,,,,,,12,,,,,,,,,,,,,,,,4,29,,
150,,,,,,,,,,,,,,,,,,,,,,,,428,,,,,,,,,,,,,,,,,,,,,,,,,,,,,,,,,,,,,,,,,,,,,,,,,,,,60,,,,,,,,,,,,,,,,3,28,,
151,,,,,,,,,,,,,,,,,,,,,,,,418,,,,,,,,,,,,,,,,,,,,,,,,,,,,,,,,,,,,,,,,,,,,,,,,,,,,47,,,,,,,,,,,,,,,,3,26,,
152,,,,,,,,,,,,,,,,,,,,,,,,199,,,,,,,,,,,,,,,,,,,,,,,,,,,,,,,,,,,,,,,,,,,,,,,,,,,,43,,,,,,,,,,,,,,,,5,24,,
153,,,,,,,,,,,,,,,,,,,,,,,,546,,,,,,,,,,,,,,,,,,,,,,,,,,,,,,,,,,,,,,,,,,,,,,,,,,,,44,,,,,,,,,,,,,,,,1,31,,
154,,,,,,,,,,,,,,,,,,,,,,,,440,,,,,,,,,,,,,,,,,,,,,,,,,,,,,,,,,,,,,,,,,,,,,,,,,,,,36,,,,,,,,,,,,,,,,5,31,,
155,,,,,,,,,,,,,,,,,,,,,,,,231,,,,,,,,,,,,,,,,,,,,,,,,,,,,,,,,,,,,,,,,,,,,,,,,,,,,36,,,,,,,,,,,,,,,,1,18,,
156,,,,,,,,,,,,,,,,,,,,,,,,417,,,,,,,,,,,,,,,,,,,,,,,,,,,,,,,,,,,,,,,,,,,,,,,,,,,,30,,,,,,,,,,,,,,,,2,17,,
157,,,,,,,,,,,,,,,,,,,,,,,,420,,,,,,,,,,,,,,,,,,,,,,,,,,,,,,,,,,,,,,,,,,,,,,,,,,,,29,,,,,,,,,,,,,,,,4,23,,
158,,,,,,,,,,,,,,,,,,,,,,,,329,,,,,,,,,,,,,,,,,,,,,,,,,,,,,,,,,,,,,,,,,,,,,,,,,,,,19,,,,,,,,,,,,,,,,1,24,,
159,,,,,,,,,,,,,,,,,,,,,,,,275,,,,,,,,,,,,,,,,,,,,,,,,,,,,,,,,,,,,,,,,,,,,,,,,,,,,52,,,,,,,,,,,,,,,,3,31,,
160,,,,,,,,,,,,,,,,,,,,,,,,392,,,,,,,,,,,,,,,,,,,,,,,,,,,,,,,,,,,,,,,,,,,,,,,,,,,,29,,,,,,,,,,,,,,,,3,20,,
161,,,,,,,,,,,,,,,,,,,,,,,,293,,,,,,,,,,,,,,,,,,,,,,,,,,,,,,,,,,,,,,,,,,,,,,,,,,,,20,,,,,,,,,,,,,,,,3,20,,
162,,,,,,,,,,,,,,,,,,,,,,,,423,,,,,,,,,,,,,,,,,,,,,,,,,,,,,,,,,,,,,,,,,,,,,,,,,,,,28,,,,,,,,,,,,,,,,3,20,,
163,,,,,,,,,,,,,,,,,,,,,,,,305,,,,,,,,,,,,,,,,,,,,,,,,,,,,,,,,,,,,,,,,,,,,,,,,,,,,24,,,,,,,,,,,,,,,,5,29,,
164,,,,,,,,,,,,,,,,,,,,,,,,471,,,,,,,,,,,,,,,,,,,,,,,,,,,,,,,,,,,,,,,,,,,,,,,,,,,,18,,,,,,,,,,,,,,,,2,22,,
165,,,,,,,,,,,,,,,,,,,,,,,,394,,,,,,,,,,,,,,,,,,,,,,,,,,,,,,,,,,,,,,,,,,,,,,,,,,,,14,,,,,,,,,,,,,,,,5,27,,
166,,,,,,,,,,,,,,,,,,,,,,,,248,,,,,,,,,,,,,,,,,,,,,,,,,,,,,,,,,,,,,,,,,,,,,,,,,,,,23,,,,,,,,,,,,,,,,1,28,,
167,,,,,,,,,,,,,,,,,,,,,,,,222,,,,,,,,,,,,,,,,,,,,,,,,,,,,,,,,,,,,,,,,,,,,,,,,,,,,5,,,,,,,,,,,,,,,,4,22,,
168,,,,,,,,,,,,,,,,,,,,,,,,352,,,,,,,,,,,,,,,,,,,,,,,,,,,,,,,,,,,,,,,,,,,,,,,,,,,,31,,,,,,,,,,,,,,,,2,22,,
169,,,,,,,,,,,,,,,,,,,,,,,,313,,,,,,,,,,,,,,,,,,,,,,,,,,,,,,,,,,,,,,,,,,,,,,,,,,,,14,,,,,,,,,,,,,,,,2,23,,
170,,,,,,,,,,,,,,,,,,,,,,,,488,,,,,,,,,,,,,,,,,,,,,,,,,,,,,,,,,,,,,,,,,,,,,,,,,,,,9,,,,,,,,,,,,,,,,5,33,,
171,,,,,,,,,,,,,,,,,,,,,,,,144,,,,,,,,,,,,,,,,,,,,,,,,,,,,,,,,,,,,,,,,,,,,,,,,,,,,18,,,,,,,,,,,,,,,,2,20,,
172,,,,,,,,,,,,,,,,,,,,,,,,0,,,,,,,,,,,,,,,,,,,,,,,,,,,,,,,,,,,,,,,,,,,,,,,,,,,,14,,,,,,,,,,,,,,,,0,28,,
173,,,,,,,,,,,,,,,,,,,,,,,,662,,,,,,,,,,,,,,,,,,,,,,,,,,,,,,,,,,,,,,,,,,,,,,,,,,,,25,,,,,,,,,,,,,,,,3,35,,
174,,,,,,,,,,,,,,,,,,,,,,,,398,,,,,,,,,,,,,,,,,,,,,,,,,,,,,,,,,,,,,,,,,,,,,,,,,,,,,,,,,,,,,,,,,,,,0,19,,
175,,,,,,,,,,,,,,,,,,,,,,,,336,,,,,,,,,,,,,,,,,,,,,,,,,,,,,,,,,,,,,,,,,,,,,,,,,,,,,,,,,,,,,,,,,,,,1,23,,
176,,,,,,,,,,,,,,,,,,,,,,,,368,,,,,,,,,,,,,,,,,,,,,,,,,,,,,,,,,,,,,,,,,,,,,,,,,,,,,,,,,,,,,,,,,,,,2,21,,
177,,,,,,,,,,,,,,,,,,,,,,,,460,,,,,,,,,,,,,,,,,,,,,,,,,,,,,,,,,,,,,,,,,,,,,,,,,,,,,,,,,,,,,,,,,,,,4,17,,
178,,,,,,,,,,,,,,,,,,,,,,,,446,,,,,,,,,,,,,,,,,,,,,,,,,,,,,,,,,,,,,,,,,,,,,,,,,,,,,,,,,,,,,,,,,,,,4,37,,
179,,,,,,,,,,,,,,,,,,,,,,,,199,,,,,,,,,,,,,,,,,,,,,,,,,,,,,,,,,,,,,,,,,,,,,,,,,,,,,,,,,,,,,,,,,,,,3,27,,
180,,,,,,,,,,,,,,,,,,,,,,,,304,,,,,,,,,,,,,,,,,,,,,,,,,,,,,,,,,,,,,,,,,,,,,,,,,,,,,,,,,,,,,,,,,,,,2,22,,
181,,,,,,,,,,,,,,,,,,,,,,,,355,,,,,,,,,,,,,,,,,,,,,,,,,,,,,,,,,,,,,,,,,,,,,,,,,,,,,,,,,,,,,,,,,,,,1,22,,
182,,,,,,,,,,,,,,,,,,,,,,,,0,,,,,,,,,,,,,,,,,,,,,,,,,,,,,,,,,,,,,,,,,,,,,,,,,,,,,,,,,,,,,,,,,,,,1,27,,
183,,,,,,,,,,,,,,,,,,,,,,,,415,,,,,,,,,,,,,,,,,,,,,,,,,,,,,,,,,,,,,,,,,,,,,,,,,,,,,,,,,,,,,,,,,,,,0,25,,
184,,,,,,,,,,,,,,,,,,,,,,,,212,,,,,,,,,,,,,,,,,,,,,,,,,,,,,,,,,,,,,,,,,,,,,,,,,,,,,,,,,,,,,,,,,,,,1,29,,
185,,,,,,,,,,,,,,,,,,,,,,,,438,,,,,,,,,,,,,,,,,,,,,,,,,,,,,,,,,,,,,,,,,,,,,,,,,,,,,,,,,,,,,,,,,,,,4,26,,
186,,,,,,,,,,,,,,,,,,,,,,,,366,,,,,,,,,,,,,,,,,,,,,,,,,,,,,,,,,,,,,,,,,,,,,,,,,,,,,,,,,,,,,,,,,,,,2,24,,
187,,,,,,,,,,,,,,,,,,,,,,,,229,,,,,,,,,,,,,,,,,,,,,,,,,,,,,,,,,,,,,,,,,,,,,,,,,,,,,,,,,,,,,,,,,,,,3,23,,
188,,,,,,,,,,,,,,,,,,,,,,,,171,,,,,,,,,,,,,,,,,,,,,,,,,,,,,,,,,,,,,,,,,,,,,,,,,,,,,,,,,,,,,,,,,,,,0,29,,
189,,,,,,,,,,,,,,,,,,,,,,,,181,,,,,,,,,,,,,,,,,,,,,,,,,,,,,,,,,,,,,,,,,,,,,,,,,,,,,,,,,,,,,,,,,,,,6,12,,
190,,,,,,,,,,,,,,,,,,,,,,,,403,,,,,,,,,,,,,,,,,,,,,,,,,,,,,,,,,,,,,,,,,,,,,,,,,,,,,,,,,,,,,,,,,,,,4,22,,
191,,,,,,,,,,,,,,,,,,,,,,,,440,,,,,,,,,,,,,,,,,,,,,,,,,,,,,,,,,,,,,,,,,,,,,,,,,,,,,,,,,,,,,,,,,,,,1,22,,
192,,,,,,,,,,,,,,,,,,,,,,,,554,,,,,,,,,,,,,,,,,,,,,,,,,,,,,,,,,,,,,,,,,,,,,,,,,,,,,,,,,,,,,,,,,,,,4,32,,
193,,,,,,,,,,,,,,,,,,,,,,,,286,,,,,,,,,,,,,,,,,,,,,,,,,,,,,,,,,,,,,,,,,,,,,,,,,,,,,,,,,,,,,,,,,,,,2,27,,
194,,,,,,,,,,,,,,,,,,,,,,,,254,,,,,,,,,,,,,,,,,,,,,,,,,,,,,,,,,,,,,,,,,,,,,,,,,,,,,,,,,,,,,,,,,,,,1,37,,
195,,,,,,,,,,,,,,,,,,,,,,,,313,,,,,,,,,,,,,,,,,,,,,,,,,,,,,,,,,,,,,,,,,,,,,,,,,,,,,,,,,,,,,,,,,,,,1,16,,
196,,,,,,,,,,,,,,,,,,,,,,,,306,,,,,,,,,,,,,,,,,,,,,,,,,,,,,,,,,,,,,,,,,,,,,,,,,,,,,,,,,,,,,,,,,,,,2,32,,
197,,,,,,,,,,,,,,,,,,,,,,,,429,,,,,,,,,,,,,,,,,,,,,,,,,,,,,,,,,,,,,,,,,,,,,,,,,,,,,,,,,,,,,,,,,,,,4,28,,
198,,,,,,,,,,,,,,,,,,,,,,,,454,,,,,,,,,,,,,,,,,,,,,,,,,,,,,,,,,,,,,,,,,,,,,,,,,,,,,,,,,,,,,,,,,,,,6,33,,
199,,,,,,,,,,,,,,,,,,,,,,,,599,,,,,,,,,,,,,,,,,,,,,,,,,,,,,,,,,,,,,,,,,,,,,,,,,,,,,,,,,,,,,,,,,,,,2,26,,
200,,,,,,,,,,,,,,,,,,,,,,,,359,,,,,,,,,,,,,,,,,,,,,,,,,,,,,,,,,,,,,,,,,,,,,,,,,,,,,,,,,,,,,,,,,,,,1,26,,
201,,,,,,,,,,,,,,,,,,,,,,,,256,,,,,,,,,,,,,,,,,,,,,,,,,,,,,,,,,,,,,,,,,,,,,,,,,,,,,,,,,,,,,,,,,,,,2,27,,
202,,,,,,,,,,,,,,,,,,,,,,,,173,,,,,,,,,,,,,,,,,,,,,,,,,,,,,,,,,,,,,,,,,,,,,,,,,,,,,,,,,,,,,,,,,,,,2,28,,
203,,,,,,,,,,,,,,,,,,,,,,,,543,,,,,,,,,,,,,,,,,,,,,,,,,,,,,,,,,,,,,,,,,,,,,,,,,,,,,,,,,,,,,,,,,,,,2,21,,
204,,,,,,,,,,,,,,,,,,,,,,,,481,,,,,,,,,,,,,,,,,,,,,,,,,,,,,,,,,,,,,,,,,,,,,,,,,,,,,,,,,,,,,,,,,,,,1,23,,
205,,,,,,,,,,,,,,,,,,,,,,,,488,,,,,,,,,,,,,,,,,,,,,,,,,,,,,,,,,,,,,,,,,,,,,,,,,,,,,,,,,,,,,,,,,,,,0,20,,
206,,,,,,,,,,,,,,,,,,,,,,,,569,,,,,,,,,,,,,,,,,,,,,,,,,,,,,,,,,,,,,,,,,,,,,,,,,,,,,,,,,,,,,,,,,,,,2,18,,
207,,,,,,,,,,,,,,,,,,,,,,,,592,,,,,,,,,,,,,,,,,,,,,,,,,,,,,,,,,,,,,,,,,,,,,,,,,,,,,,,,,,,,,,,,,,,,4,18,,
208,,,,,,,,,,,,,,,,,,,,,,,,430,,,,,,,,,,,,,,,,,,,,,,,,,,,,,,,,,,,,,,,,,,,,,,,,,,,,,,,,,,,,,,,,,,,,1,18,,
209,,,,,,,,,,,,,,,,,,,,,,,,512,,,,,,,,,,,,,,,,,,,,,,,,,,,,,,,,,,,,,,,,,,,,,,,,,,,,,,,,,,,,,,,,,,,,0,21,,
210,,,,,,,,,,,,,,,,,,,,,,,,532,,,,,,,,,,,,,,,,,,,,,,,,,,,,,,,,,,,,,,,,,,,,,,,,,,,,,,,,,,,,,,,,,,,,2,24,,
211,,,,,,,,,,,,,,,,,,,,,,,,754,,,,,,,,,,,,,,,,,,,,,,,,,,,,,,,,,,,,,,,,,,,,,,,,,,,,,,,,,,,,,,,,,,,,0,25,,
212,,,,,,,,,,,,,,,,,,,,,,,,761,,,,,,,,,,,,,,,,,,,,,,,,,,,,,,,,,,,,,,,,,,,,,,,,,,,,,,,,,,,,,,,,,,,,1,17,,
213,,,,,,,,,,,,,,,,,,,,,,,,672,,,,,,,,,,,,,,,,,,,,,,,,,,,,,,,,,,,,,,,,,,,,,,,,,,,,,,,,,,,,,,,,,,,,2,21,,
214,,,,,,,,,,,,,,,,,,,,,,,,644,,,,,,,,,,,,,,,,,,,,,,,,,,,,,,,,,,,,,,,,,,,,,,,,,,,,,,,,,,,,,,,,,,,,1,36,,
215,,,,,,,,,,,,,,,,,,,,,,,,515,,,,,,,,,,,,,,,,,,,,,,,,,,,,,,,,,,,,,,,,,,,,,,,,,,,,,,,,,,,,,,,,,,,,2,20,,
216,,,,,,,,,,,,,,,,,,,,,,,,495,,,,,,,,,,,,,,,,,,,,,,,,,,,,,,,,,,,,,,,,,,,,,,,,,,,,,,,,,,,,,,,,,,,,1,17,,
217,,,,,,,,,,,,,,,,,,,,,,,,535,,,,,,,,,,,,,,,,,,,,,,,,,,,,,,,,,,,,,,,,,,,,,,,,,,,,,,,,,,,,,,,,,,,,0,27,,
218,,,,,,,,,,,,,,,,,,,,,,,,444,,,,,,,,,,,,,,,,,,,,,,,,,,,,,,,,,,,,,,,,,,,,,,,,,,,,,,,,,,,,,,,,,,,,2,19,,
219,,,,,,,,,,,,,,,,,,,,,,,,765,,,,,,,,,,,,,,,,,,,,,,,,,,,,,,,,,,,,,,,,,,,,,,,,,,,,,,,,,,,,,,,,,,,,0,16,,
220,,,,,,,,,,,,,,,,,,,,,,,,639,,,,,,,,,,,,,,,,,,,,,,,,,,,,,,,,,,,,,,,,,,,,,,,,,,,,,,,,,,,,,,,,,,,,3,26,,
221,,,,,,,,,,,,,,,,,,,,,,,,563,,,,,,,,,,,,,,,,,,,,,,,,,,,,,,,,,,,,,,,,,,,,,,,,,,,,,,,,,,,,,,,,,,,,3,31,,
222,,,,,,,,,,,,,,,,,,,,,,,,760,,,,,,,,,,,,,,,,,,,,,,,,,,,,,,,,,,,,,,,,,,,,,,,,,,,,,,,,,,,,,,,,,,,,1,19,,
223,,,,,,,,,,,,,,,,,,,,,,,,749,,,,,,,,,,,,,,,,,,,,,,,,,,,,,,,,,,,,,,,,,,,,,,,,,,,,,,,,,,,,,,,,,,,,3,20,,
224,,,,,,,,,,,,,,,,,,,,,,,,580,,,,,,,,,,,,,,,,,,,,,,,,,,,,,,,,,,,,,,,,,,,,,,,,,,,,,,,,,,,,,,,,,,,,,20,,
225,,,,,,,,,,,,,,,,,,,,,,,,587,,,,,,,,,,,,,,,,,,,,,,,,,,,,,,,,,,,,,,,,,,,,,,,,,,,,,,,,,,,,,,,,,,,,,25,,
226,,,,,,,,,,,,,,,,,,,,,,,,767,,,,,,,,,,,,,,,,,,,,,,,,,,,,,,,,,,,,,,,,,,,,,,,,,,,,,,,,,,,,,,,,,,,,,26,,
227,,,,,,,,,,,,,,,,,,,,,,,,584,,,,,,,,,,,,,,,,,,,,,,,,,,,,,,,,,,,,,,,,,,,,,,,,,,,,,,,,,,,,,,,,,,,,,30,,
228,,,,,,,,,,,,,,,,,,,,,,,,730,,,,,,,,,,,,,,,,,,,,,,,,,,,,,,,,,,,,,,,,,,,,,,,,,,,,,,,,,,,,,,,,,,,,,19,,
229,,,,,,,,,,,,,,,,,,,,,,,,828,,,,,,,,,,,,,,,,,,,,,,,,,,,,,,,,,,,,,,,,,,,,,,,,,,,,,,,,,,,,,,,,,,,,,18,,
230,,,,,,,,,,,,,,,,,,,,,,,,976,,,,,,,,,,,,,,,,,,,,,,,,,,,,,,,,,,,,,,,,,,,,,,,,,,,,,,,,,,,,,,,,,,,,,25,,
231,,,,,,,,,,,,,,,,,,,,,,,,702,,,,,,,,,,,,,,,,,,,,,,,,,,,,,,,,,,,,,,,,,,,,,,,,,,,,,,,,,,,,,,,,,,,,,20,,
232,,,,,,,,,,,,,,,,,,,,,,,,1049,,,,,,,,,,,,,,,,,,,,,,,,,,,,,,,,,,,,,,,,,,,,,,,,,,,,,,,,,,,,,,,,,,,,,29,,
233,,,,,,,,,,,,,,,,,,,,,,,,1070,,,,,,,,,,,,,,,,,,,,,,,,,,,,,,,,,,,,,,,,,,,,,,,,,,,,,,,,,,,,,,,,,,,,,17,,
234,,,,,,,,,,,,,,,,,,,,,,,,1203,,,,,,,,,,,,,,,,,,,,,,,,,,,,,,,,,,,,,,,,,,,,,,,,,,,,,,,,,,,,,,,,,,,,,20,,
235,,,,,,,,,,,,,,,,,,,,,,,,1077,,,,,,,,,,,,,,,,,,,,,,,,,,,,,,,,,,,,,,,,,,,,,,,,,,,,,,,,,,,,,,,,,,,,,25,,
236,,,,,,,,,,,,,,,,,,,,,,,,1212,,,,,,,,,,,,,,,,,,,,,,,,,,,,,,,,,,,,,,,,,,,,,,,,,,,,,,,,,,,,,,,,,,,,,20,,
237,,,,,,,,,,,,,,,,,,,,,,,,1260,,,,,,,,,,,,,,,,,,,,,,,,,,,,,,,,,,,,,,,,,,,,,,,,,,,,,,,,,,,,,,,,,,,,,26,,
238,,,,,,,,,,,,,,,,,,,,,,,,1181,,,,,,,,,,,,,,,,,,,,,,,,,,,,,,,,,,,,,,,,,,,,,,,,,,,,,,,,,,,,,,,,,,,,,22,,
239,,,,,,,,,,,,,,,,,,,,,,,,1346,,,,,,,,,,,,,,,,,,,,,,,,,,,,,,,,,,,,,,,,,,,,,,,,,,,,,,,,,,,,,,,,,,,,,28,,
240,,,,,,,,,,,,,,,,,,,,,,,,1582,,,,,,,,,,,,,,,,,,,,,,,,,,,,,,,,,,,,,,,,,,,,,,,,,,,,,,,,,,,,,,,,,,,,,28,,
241,,,,,,,,,,,,,,,,,,,,,,,,1430,,,,,,,,,,,,,,,,,,,,,,,,,,,,,,,,,,,,,,,,,,,,,,,,,,,,,,,,,,,,,,,,,,,,,25,,
242,,,,,,,,,,,,,,,,,,,,,,,,1131,,,,,,,,,,,,,,,,,,,,,,,,,,,,,,,,,,,,,,,,,,,,,,,,,,,,,,,,,,,,,,,,,,,,,24,,
243,,,,,,,,,,,,,,,,,,,,,,,,842,,,,,,,,,,,,,,,,,,,,,,,,,,,,,,,,,,,,,,,,,,,,,,,,,,,,,,,,,,,,,,,,,,,,,27,,
244,,,,,,,,,,,,,,,,,,,,,,,,1036,,,,,,,,,,,,,,,,,,,,,,,,,,,,,,,,,,,,,,,,,,,,,,,,,,,,,,,,,,,,,,,,,,,,,27,,
245,,,,,,,,,,,,,,,,,,,,,,,,1714,,,,,,,,,,,,,,,,,,,,,,,,,,,,,,,,,,,,,,,,,,,,,,,,,,,,,,,,,,,,,,,,,,,,,24,,
246,,,,,,,,,,,,,,,,,,,,,,,,1862,,,,,,,,,,,,,,,,,,,,,,,,,,,,,,,,,,,,,,,,,,,,,,,,,,,,,,,,,,,,,,,,,,,,,23,,
247,,,,,,,,,,,,,,,,,,,,,,,,2113,,,,,,,,,,,,,,,,,,,,,,,,,,,,,,,,,,,,,,,,,,,,,,,,,,,,,,,,,,,,,,,,,,,,,24,,
248,,,,,,,,,,,,,,,,,,,,,,,,2302,,,,,,,,,,,,,,,,,,,,,,,,,,,,,,,,,,,,,,,,,,,,,,,,,,,,,,,,,,,,,,,,,,,,,29,,
249,,,,,,,,,,,,,,,,,,,,,,,,1823,,,,,,,,,,,,,,,,,,,,,,,,,,,,,,,,,,,,,,,,,,,,,,,,,,,,,,,,,,,,,,,,,,,,,17,,
250,,,,,,,,,,,,,,,,,,,,,,,,1328,,,,,,,,,,,,,,,,,,,,,,,,,,,,,,,,,,,,,,,,,,,,,,,,,,,,,,,,,,,,,,,,,,,,,17,,
251,,,,,,,,,,,,,,,,,,,,,,,,2154,,,,,,,,,,,,,,,,,,,,,,,,,,,,,,,,,,,,,,,,,,,,,,,,,,,,,,,,,,,,,,,,,,,,,16,,
252,,,,,,,,,,,,,,,,,,,,,,,,2660,,,,,,,,,,,,,,,,,,,,,,,,,,,,,,,,,,,,,,,,,,,,,,,,,,,,,,,,,,,,,,,,,,,,,20,,
253,,,,,,,,,,,,,,,,,,,,,,,,2648,,,,,,,,,,,,,,,,,,,,,,,,,,,,,,,,,,,,,,,,,,,,,,,,,,,,,,,,,,,,,,,,,,,,,20,,
254,,,,,,,,,,,,,,,,,,,,,,,,2906,,,,,,,,,,,,,,,,,,,,,,,,,,,,,,,,,,,,,,,,,,,,,,,,,,,,,,,,,,,,,,,,,,,,,27,,
255,,,,,,,,,,,,,,,,,,,,,,,,3047,,,,,,,,,,,,,,,,,,,,,,,,,,,,,,,,,,,,,,,,,,,,,,,,,,,,,,,,,,,,,,,,,,,,,27,,
256,,,,,,,,,,,,,,,,,,,,,,,,2133,,,,,,,,,,,,,,,,,,,,,,,,,,,,,,,,,,,,,,,,,,,,,,,,,,,,,,,,,,,,,,,,,,,,,28,,
257,,,,,,,,,,,,,,,,,,,,,,,,2164,,,,,,,,,,,,,,,,,,,,,,,,,,,,,,,,,,,,,,,,,,,,,,,,,,,,,,,,,,,,,,,,,,,,,12,,
258,,,,,,,,,,,,,,,,,,,,,,,,2525,,,,,,,,,,,,,,,,,,,,,,,,,,,,,,,,,,,,,,,,,,,,,,,,,,,,,,,,,,,,,,,,,,,,,20,,
259,,,,,,,,,,,,,,,,,,,,,,,,2904,,,,,,,,,,,,,,,,,,,,,,,,,,,,,,,,,,,,,,,,,,,,,,,,,,,,,,,,,,,,,,,,,,,,,24,,
260,,,,,,,,,,,,,,,,,,,,,,,,2682,,,,,,,,,,,,,,,,,,,,,,,,,,,,,,,,,,,,,,,,,,,,,,,,,,,,,,,,,,,,,,,,,,,,,15,,
261,,,,,,,,,,,,,,,,,,,,,,,,2399,,,,,,,,,,,,,,,,,,,,,,,,,,,,,,,,,,,,,,,,,,,,,,,,,,,,,,,,,,,,,,,,,,,,,20,,
262,,,,,,,,,,,,,,,,,,,,,,,,3206,,,,,,,,,,,,,,,,,,,,,,,,,,,,,,,,,,,,,,,,,,,,,,,,,,,,,,,,,,,,,,,,,,,,,24,,
263,,,,,,,,,,,,,,,,,,,,,,,,2695,,,,,,,,,,,,,,,,,,,,,,,,,,,,,,,,,,,,,,,,,,,,,,,,,,,,,,,,,,,,,,,,,,,,,19,,
264,,,,,,,,,,,,,,,,,,,,,,,,1773,,,,,,,,,,,,,,,,,,,,,,,,,,,,,,,,,,,,,,,,,,,,,,,,,,,,,,,,,,,,,,,,,,,,,16,,
265,,,,,,,,,,,,,,,,,,,,,,,,2576,,,,,,,,,,,,,,,,,,,,,,,,,,,,,,,,,,,,,,,,,,,,,,,,,,,,,,,,,,,,,,,,,,,,,15,,
266,,,,,,,,,,,,,,,,,,,,,,,,3395,,,,,,,,,,,,,,,,,,,,,,,,,,,,,,,,,,,,,,,,,,,,,,,,,,,,,,,,,,,,,,,,,,,,,19,,
267,,,,,,,,,,,,,,,,,,,,,,,,0,,,,,,,,,,,,,,,,,,,,,,,,,,,,,,,,,,,,,,,,,,,,,,,,,,,,,,,,,,,,,,,,,,,,,19,,
268,,,,,,,,,,,,,,,,,,,,,,,,4658,,,,,,,,,,,,,,,,,,,,,,,,,,,,,,,,,,,,,,,,,,,,,,,,,,,,,,,,,,,,,,,,,,,,,26,,
269,,,,,,,,,,,,,,,,,,,,,,,,3217,,,,,,,,,,,,,,,,,,,,,,,,,,,,,,,,,,,,,,,,,,,,,,,,,,,,,,,,,,,,,,,,,,,,,25,,
270,,,,,,,,,,,,,,,,,,,,,,,,2495,,,,,,,,,,,,,,,,,,,,,,,,,,,,,,,,,,,,,,,,,,,,,,,,,,,,,,,,,,,,,,,,,,,,,13,,