Title,Title,
1,16,
2,17,
3,36,
4,55,
5,81,
6,111,
7,27,
8,64,
9,94,
10,99,
11,174,
12,250,
13,338,
14,179,
15,214,
16,387,
17,422,
18,534,
19,713,
20,663,
21,470,
22,486,
23,1329,
24,1195,
25,1199,
26,1363,
27,1519,
28,844,
29,683,
30,1738,
31,1681,
32,1503,
33,1460,
34,1691,
35,925,
36,665,
37,1922,
38,1500,
39,1587,
40,2224,
41,2319,
42,1023,
43,517,
44,532,
45,1562,
46,1620,
47,1664,
48,1382,
49,717,
50,443,
51,1272,
52,1263,
53,775,
54,968,
55,803,
56,387,
57,205,
58,748,
59,568,
60,514,
61,587,
62,237,
63,284,
64,141,
65,669,
66,536,
67,551,
68,426,
69,479,
70,240,
71,118,
72,462,
73,395,
74,318,
75,294,
76,340,
77,146,
78,81,
79,307,
80,284,
81,381,
82,71,
83,246,
84,122,
85,75,
86,304,
87,198,
88,181,
89,159,
90,159,
91,60,
92,48,
93,58,
94,178,
95,160,
96,168,
97,155,
98,69,
99,53,
100,150,
101,144,
102,116,
103,94,
104,88,
105,47,
106,22,
107,148,
108,97,
109,122,
110,106,
111,117,
112,49,
113,17,
114,112,
115,90,
116,13,
117,93,
118,0,
119,103,
120,152,
121,66,
122,82,
123,89,
124,129,
125,111,
126,71,
127,107,
128,42,